Title,Price,Image URL
"MXZ Gaming PC Desktop Computer, AMD Ryzen 5 4500 3.6GHz, RX 6600,16GB(8G*2) DDR4, NVME 500GB SSD, 6RGB Fans, Win 11 Pro Ready, Gamer Desktop Computer(R5 4500|RX 6600)",$739.00 –,https://c1.neweggimages.com/ProductImageCompressAll300/AZBDS2210120GG4ZDFB.jpg
"NEOSMAY Fanless pc Industrial desktop,Intel 12th Gen Core i5-1240P,16GB RAM 512GB NVME SSD,WiFi 6,BT 5.2,Thunderbolt 4,Dual 2.5Gbe LAN,4K (Type-C+DP+HDMIx2+COMx2),USBx8(USB3.2x4),VESA mount,Firewall",$669.00 –,https://c1.neweggimages.com/ProductImageCompressAll300/BDYFS2310200J6NRY97.jpg
"NEOSMAY Fanless desktop Mini Computers Intel 12th Gen Pentium N200(Upto3.7GHz),16GB DDR4 RAM 512GB NVME SSD,Dual Ethernet,Home/Office/Business,4K Triple Display,WiFi ax,BT5.2,USB3.2,VESA mounts",$389.00 –,https://c1.neweggimages.com/ProductImageCompressAll300/BDYFS2308180YVNPQ33.jpg
"NEOSMAY Desktop Computer Intel Core i5-11400T (upto 3.7GHz) 32GB RAM 1TB NVME SSD , UHD 730 Graphics, WiFi 6, BT 5.2, TPM, 4 x USB 3.2 Gen2 USB Type-A Game/Home/Business/Office",$679.00 –,https://c1.neweggimages.com/ProductImageCompressAll300/BDYFS2309200LBRZB9C.jpg
"Cobratype Boomslang Gaming Desktop PC - Intel Core i7 12700KF, NVIDIA RTX 3060, 32 GB DDR4, 1 TB NVMe, AIO Liquid Cooler, Windows 11 Home","$1,399.99 –",https://c1.neweggimages.com/ProductImageCompressAll300/AHT3S211118g7bWb.jpg
"STGAubron Gaming Desktop PC,AMD Ryzen 7 5700X up to 4.6G,32G DDR4,GeForce RTX 3060 Ti 8G GDDR6,1T SSD,WiFi,BT 5.0,RGB Fan x 7,RGB Keyboard&Mouse&Mouse Pad,RGB BT Sound Bar,RGB BT Gaming Mic,W11H64",$920.99 –,https://c1.neweggimages.com/ProductImageCompressAll300/AJP0S2309280R0P5Z84.jpg
"H.E. Ocean Park Gaming PC Desktop-AMD Ryzen 7 5700X 3.4 GHz 8-Core, 32GB DDR4 RAM,1TB PCI-E  SSD, RTX 4060 TI 8G, 360 Liquid-Cooled,RGB Fans, WIFI &Bluetooth ,Win 11 Pro 64bit -White","$1,299.99 –",https://c1.neweggimages.com/ProductImageCompressAll300/B11ND2309220KSY0S85.jpg
"HP Elite Desktop 13th gen Intel Core i5, 8 GB; 256 GB SSD  Windows 11 Pro",$619.00 –,https://c1.neweggimages.com/ProductImageCompressAll300/AR0TD2307150TUYUZD2.jpg
"Velztorm Mini Pilum CTO Gaming Desktop PC (AMD Ryzen 7 - 5700X 8-Core, GeForce RTX 3060, 32GB DDR4, 2TB PCIe SSD + 6TB HDD (3.5) , 120mm AIO, RGB Fans, 750W PSU, WiFi 5, BT, Win10P) VELZ0058","$1,349.99 –",https://c1.neweggimages.com/ProductImageCompressAll300/A7ABD220717141YSJ8E.jpg
"MSI Codex R (Tower) Gaming Desktop Intel Core i5-12400F GeForce RTX 4060, 16GB Memory (8GB x 2) 1TB SSD, DarkFlash Shadow USB Type-C, VR-Ready Windows 11 Home Plus",$881.00 (4 Offers)–,https://c1.neweggimages.com/ProductImageCompressAll300/A1CZS231128122CZP69.jpg
"Velztorm Black Praetix Gaming Desktop PC (Intel i9-13900K 2.20GHz, GeForce RTX 4090 24GB, 32GB DDR5, 1TB PCIe SSD + 2TB HDD (3.5), 360mm AIO, RGB Fans, 1000W PSU, WiFi 6E, Win 11 Pro) VELZ0085","$4,278.00 –",https://c1.neweggimages.com/ProductImageCompressAll300/V0F3D2304290G2UOOFA.jpg
"Lenovo ThinkCentre Neo 50t G3 Desktop PC, Intel Core i7-12700K Upto 5GHz, 32GB RAM, 1TB SSD + 1TB HDD, Windows 11 Pro",$849.99 –,https://c1.neweggimages.com/ProductImageCompressAll300/AA0SD23090611ACZVA1.jpg
"CLX HORUS Gaming Desktop - Intel Core i9 14900KF 3.2GHz 24-Core Processor, 64GB DDR5 Memory, GeForce RTX 4090 24GB GDDR6X Graphics, 2TB NVMe M.2 SSD, 6TB HDD, WiFi, Win 11 Home 64-bit","$4,299.99 (2 Offers)–",https://c1.neweggimages.com/ProductImageCompressAll300/ABFSD23101211909GCC.jpg
"Velztorm White Fultix CTO Gaming Desktop PC (AMD Ryzen 5-5500 6-Core, GeForce RTX 3050 8GB, 32GB DDR4, 1TB PCIe SSD + 1TB HDD (3.5), RGB Fans, 650W PSU, AC WiFI, Bluetooth, Win 10 Pro) VELZ0060","$1,359.00 (130 Offers)–",https://c1.neweggimages.com/ProductImageCompressAll300/A7ABD2208010RIKJD0A.jpg
HP ProDesk 400G4 - Windows 11 Desktop Computer | Intel Core i5-8600 Six Core (4.3GHz Turbo) | 16GB DDR4 RAM | 500GB SSD Solid State + 1TB HDD | WiFi + Bluetooth | RGB Mouse + Keyboard (Renewed),$299.97 (2 Offers)–,https://c1.neweggimages.com/ProductImageCompressAll300/ADGYS220422cHiNL.jpg
"VTG Gaming PC Desktop Ryzen7 5700X (8 Core up to 4.6GHz 7nm) 32GB DDR4 1TB SSD NVMe , NVIDIA RTX4070Ti , 800W GOLD PSU, 11AC Wi-Fi, Windows 11 Home 64-bit,gaming pc","$2,599.00 –",https://c1.neweggimages.com/ProductImageCompressAll300/BMARS2311120DDTAWE2.jpg
"Velztorm Black Praetix Gaming Desktop PC (Intel i9-13900K 2.20GHz, GeForce RTX 4090 24GB, 32GB DDR5, 1TB PCIe SSD + 1TB HDD (3.5), 360mm AIO, RGB Fans, 1000W PSU, WiFi 6E, Win 11 Pro) VELZ0085","$3,883.99 –",https://c1.neweggimages.com/ProductImageCompressAll300/V0F3D2304290G2UOOFA.jpg
"Dell OptiPlex 3000 Desktop, Intel Core i5-12500 Upto 4.6GHz, 16GB RAM, 1TB NVMe SSD, DVDRW, HDMI, DisplayPort, Wi-Fi, Bluetooth, Windows 11 Pro",$699.99 –,https://c1.neweggimages.com/ProductImageCompressAll300/AA0SD23022311W7B086.jpg
"ViprTech.com Pro Gaming PC Computer Desktop - Intel i5 4th Gen, NVIDIA GTX 1050 2GB, 8GB RAM, 1TB HDD, Streaming, RGB, WiFi, Windows 10 Pro, 1 Year Warranty",$479.99 –,https://c1.neweggimages.com/ProductImageCompressAll300/AKF7S2306080Z7M7Z98.jpg
"Velztorm Gladio Custom Built Powerful Gaming Desktop PC (AMD Ryzen 9 5900X 12-Core, 64GB RAM, 2TB PCIe SSD + 1TB HDD (3.5), NVIDIA GeForce RTX 3090, Wifi, Bluetooth, 2xUSB 3.0, 1xHDMI, Win 10 Home)","$2,649.99 –",https://c1.neweggimages.com/ProductImageCompressAll300/A7ABD2201300N6JZFD4.jpg
"VTG Gaming PC Desktop Ryzen9 7900X (12 Core up to 5.6GHz 5nm),Radeon RX 7900 16G, 1TB NVME SSD, 32GB DDR5 RAM , 800W GOLD PSU 11AC Wi-Fi, Windows 11 Home 64-bit","$2,299.99 –",https://c1.neweggimages.com/ProductImageCompressAll300/BMARS2311210OPWPG0E.jpg
"Cobratype Boomslang Gaming Desktop PC - Intel Core i7 12700KF, NVIDIA RTX 3070 Ti, 32 GB DDR5, 1 TB NVMe, AIO Liquid Cooler, Windows 11 Home","$1,699.99 –",https://c1.neweggimages.com/ProductImageCompressAll300/AHT3S211208W7aM2.jpg
"HP EliteDesk 800 G2 Desktop Mini Business PC Computer, Intel Quad Core i5, 16GB RAM, 512GB Solid State Drive, Windows 10 Professional, 16GB Flash Drive, Wireless Keyboard & Mouse, WiFi",$195.93 (5 Offers)–,https://c1.neweggimages.com/ProductImageCompressAll300/ACAGD210628D10WK.jpg
"Cobratype Anaconda Gaming Desktop PC - Intel i9-10900F, RTX 3070 Ti, 32GB DDR4, 1TB NVMe","$1,679.99 –",https://c1.neweggimages.com/ProductImageCompressAll300/AHT3S23033114IFTF1A.jpg
"ASUS ROG Strix GA15 Gaming Desktop PC, AMD Ryzen 7 5800X, GeForce RTX 3070, 32GB DDR4 RAM, 512GB SSD + 1TB HDD, Wi-Fi 5, Windows 10 Home, GA15DK-IB778","$1,801.99 (2 Offers)–",https://c1.neweggimages.com/ProductImageCompressAll300/83-221-709-V08.jpg
HAJAAN CYCLONIA Gaming Tower Computer Desktop PC - AMD Ryzen 7 5700G Processor Up to 4.6GHz - RTX 3060 12G GDDR6 - 32GB DDR4 - 1TB SSD - Windows 11 Pro - Keyboard Mouse and Headset,"$1,119.99 –",https://c1.neweggimages.com/ProductImageCompressAll300/ARZCD2212191A4T4T26.jpg
"Velztorm Black Praetix Gaming Desktop PC (Intel i9-13900K 2.20GHz, GeForce RTX 4090 24GB, 64GB DDR5, 2TB PCIe SSD, 360mm AIO, RGB Fans, 1000W PSU, WiFi 6E, Win 10 Home) VELZ0085","$4,768.00 –",https://c1.neweggimages.com/ProductImageCompressAll300/V0F3D2304290G2UOOFA.jpg
H.E. Gaming PC -AMD Ryzen 5 5600G 3.9GHz - RTX 4060 8GB -32GB DDR4 RAM -1TB PCIe SSD -240 Liquid Cooler -WIFI &Bluetooth Ready -RGB Fans-Windows 11 Pro Desktop Computer,$949.99 –,https://c1.neweggimages.com/ProductImageCompressAll300/B11ND2311080EWQVHB8.jpg
H.E. Gaming PC -AMD Ryzen 5 5600G 3.9GHz - RTX 4060 8GB -32GB DDR4 RAM -1TB PCIe SSD -240 Liquid Cooler -WIFI &Bluetooth Ready -RGB Fans-Windows 11 Pro Desktop Computer,$959.99 –,https://c1.neweggimages.com/ProductImageCompressAll300/B11ND2311080EYAUTD6.jpg
"H.E. Ocean Park Gaming PC Desktop-RTX 4070 12G,AMD Ryzen 7 5700X 3.4 GHz 8-Core, 32GB DDR4 RAM,1TB PCI-E  SSD, 360 Liquid-Cooled,RGB Fans, WIFI &Bluetooth ,Win 11 Pro 64bit -White","$1,529.99 –",https://c1.neweggimages.com/ProductImageCompressAll300/B11ND2309220KSY0S85.jpg
"Cobratype Gorgon Gaming Desktop PC - Intel Core i9-12900KF, NVIDIA RTX 3070 Ti, 32GB DDR5, 2TB NVMe, AIO Liquid Cooler, Windows 11 Home","$1,939.99 –",https://c1.neweggimages.com/ProductImageCompressAll300/AHT3S211209111BKL96.jpg
"Velztorm Gladio Custom Built Powerful Gaming Desktop PC White (AMD Ryzen 9 5900X 12-Core, 32GB RAM, 1TB PCIe SSD, NVIDIA GeForce RTX 3090, Wifi, Bluetooth, 2xUSB 3.0, 1xHDMI, Win 10 Home)","$2,349.99 –",https://c1.neweggimages.com/ProductImageCompressAll300/A7ABD2201300N6JZFD4.jpg
"Lenovo V50t G2 Desktop, Intel Core i7-11700 Upto 4.9GHz, 16GB RAM, 512GB NVMe SSD + 1TB HDD, DVDRW, VGA, HDMI, DisplayPort, Windows 11 Pro",$699.99 –,https://c1.neweggimages.com/ProductImageCompressAll300/AA0SD22111519GTRC41.jpg
"STGAubron Gaming Desktop PC,Intel Core i7-10700KF up to 5.1G,16G DDR4,1T SSD,GeForce RTX 3060 12G GDDR6,600M WiFi,BT 5.0,RGB Fan x 7,RGB Keyboard&Mouse,RGB Mouse Pad,W11H64",$864.99 –,https://c1.neweggimages.com/ProductImageCompressAll300/AJP0S2310190QVICUDE.jpg
"Dell OptiPlex 3000 Desktop, Intel Core i9-12900K Upto 5.2GHz, 32GB RAM, 1TB NVMe SSD + 2TB HDD, DVDRW, HDMI, DisplayPort, Wi-Fi, Bluetooth, Windows 11 Pro","$1,149.99 –",https://c1.neweggimages.com/ProductImageCompressAll300/AA0SD2302231ARNXY86.jpg
"CLX SET Gaming Desktop - Intel Core i9 13900KF 3GHz 24-Core, GeForce RTX 4090 24GB GDDR6X Graphics, 64GB DDR5 Memory, 1TB NVMe M.2 SSD, 6TB HDD, WiFi, Win 11 Home 64-bit","$4,099.99 (5 Offers)–",https://c1.neweggimages.com/ProductImageCompressAll300/ACY7D22101814JVCU2F.jpg
"Lenovo ThinkCentre Neo 50s Gen 4 Desktop, i5-13400,   UHD Graphics 730, 8GB, 256GB, 1 YR On-site Warranty",$508.00 –,https://c1.neweggimages.com/ProductImageCompressAll300/VAFJD2308110W0NX8C3.jpg
"YEYIAN YARI Gaming PC Desktop INTEL Core i7 13700F, RTX 4070, 1TB NVMe SSD, 16GB DDR4 3200, 650W Gold PSU, 240mm AIO, AC Wi-Fi, Window 11 64bit- YPI-YA37F0B-4701U","$1,499.99 (2 Offers)–",https://c1.neweggimages.com/ProductImageCompressAll300/AZRBS230407181ZO3C3.jpg
PRC BLAZE1 Special Edition Custom Gaming Desktop PC Intel i7-10700 2.90GHz 8-Core 16GB DDR4 1TB NVMe M.2 SSD NVIDIA GeForce RTX 3080 Ti 12GB GDDR6X HDMI Wi-Fi Bluetooth Windows 11 Home,"$1,549.99 –",https://c1.neweggimages.com/ProductImageCompressAll300/A6ABS23082859RC0.jpg
"Cobratype Parias Gaming Desktop PC - Intel i9-10900F, RTX 3070, 32GB DDR4, 2TB NVMe, AIO Liquid Cooler","$1,549.99 –",https://c1.neweggimages.com/ProductImageCompressAll300/AHT3S210528Yq3Iy.jpg
IPASON - Gaming Desktop - intel 12th i5 12600KF(beat 12400F) 10 Core up to 4.9GHz -  GeForce RTX 3060  - 1TB SSD NVMe - 16GB(8GB*2) 3200MHz - WIFI6 - Windows 11 home - Gaming PC,Price not available,https://c1.neweggimages.com/ProductImageCompressAll300/AZEBS23110905K4LN00.jpg
"VTG Gaming PC Desktop Ryzen5 7500F (6 Core up to 5GHz 5nm),Radeon RX6650XT 8G, 1TB NVME SSD, 32GB DDR5 RAM , 650 PSU 11AC Wi-Fi, Windows 11 Home 64-bit",Price not available,https://c1.neweggimages.com/ProductImageCompressAll300/BMARS2311080D5M3Q8B.jpg
NEOSMAY Fanless Mini PC 16GB DDR4-3200 512GB SSD Intel Pentium N6005(Reliable Quality) Upto 3.3GHz/Intel UHD Graphics/Desktop Computer/Triple Screen/Gigabit Ethernet/WiFi 6/BT 5.2/Wake On LAN/6xUSB,Price not available,https://c1.neweggimages.com/ProductImageCompressAll300/BDYFS2309190UYN1IF6.jpg
"MXZ Gaming PC Desktop Computer, AMD Ryzen 5 4500 3.6GHz, RX 6600,16GB(8G*2) DDR4, NVME 500GB SSD, 6RGB Fans, Win 11 Pro Ready, Gamer Desktop Computer(R5 4500|RX 6600)",$739.00 –,https://c1.neweggimages.com/ProductImageCompressAll300/AZBDS2210120GG4ZDFB.jpg
"NEOSMAY Fanless pc Industrial desktop,Intel 12th Gen Core i5-1240P,16GB RAM 512GB NVME SSD,WiFi 6,BT 5.2,Thunderbolt 4,Dual 2.5Gbe LAN,4K (Type-C+DP+HDMIx2+COMx2),USBx8(USB3.2x4),VESA mount,Firewall",$669.00 –,https://c1.neweggimages.com/ProductImageCompressAll300/BDYFS2310200J6NRY97.jpg
"NEOSMAY Fanless desktop Mini Computers Intel 12th Gen Pentium N200(Upto3.7GHz),16GB DDR4 RAM 512GB NVME SSD,Dual Ethernet,Home/Office/Business,4K Triple Display,WiFi ax,BT5.2,USB3.2,VESA mounts",$389.00 –,https://c1.neweggimages.com/ProductImageCompressAll300/BDYFS2308180YVNPQ33.jpg
"NEOSMAY Desktop Computer Intel Core i5-11400T (upto 3.7GHz) 32GB RAM 1TB NVME SSD , UHD 730 Graphics, WiFi 6, BT 5.2, TPM, 4 x USB 3.2 Gen2 USB Type-A Game/Home/Business/Office",$679.00 –,https://c1.neweggimages.com/ProductImageCompressAll300/BDYFS2309200LBRZB9C.jpg
MSI Desktop Computer Cubi 5 12M-029US Intel Core i5 12th Gen 1235U (1.30GHz) 8GB DDR4 512 GB PCIe SSD Intel Iris Xe Graphics Windows 11 Home 64-bit,,https://c1.neweggimages.com/ProductImageCompressAll300/83-151-249-08.jpg
"Cobratype Chimera Legend Desktop Gaming PC - Intel Core i7-13700KF, RTX 4080, 32 GB DDR5 RAM, 2 TB NVMe, AIO Liquid Cooler, Windows 11 Home","$2,899.99 –",https://c1.neweggimages.com/ProductImageCompressAll300/AHT3S22111619YTQ25A.jpg
"Lenovo IdeaCentre Mini Desktop, i5-13500H,   Iris Xe Graphics, 8GB, 512GB",$493.99 –,https://c1.neweggimages.com/ProductImageCompressAll300/AHRCD23110906SDPH03.jpg
"Velztorm White Ferrux II CTO Gaming Desktop (Intel i9-11900K 8-Core, GeForce RTX 3070 8GB, 16GB DDR4, 1TB PCIe SSD + 1TB HDD (3.5), 240mm AIO, 750W PSU, WiFi 6, BT 5.1, Win 10 Home) VELZ0072","$1,599.99 (134 Offers)–",https://c1.neweggimages.com/ProductImageCompressAll300/V0F3D2210190OXOIJ4E.jpg
"Velztorm White Armix Prebuilt Gaming Desktop PC (AMD Ryzen 9 7900X 12-Core 4.7GHz, GeForce RTX 3090 24GB, 32GB DDR5, 1TB PCIe SSD, 240mm AIO, 1000W PSU, Killer Wifi 6E, Display Port, Win11Home)","$3,308.00 –",https://c1.neweggimages.com/ProductImageCompressAll300/V0F3D2302120BX2WR27.jpg
Hoengager Poseidon Gaming Desktop PC - AMD Ryzen 7 5700X 8-Core 3.4GHz-GeForce RTX  4060 Ti 8G- 32GB DDR4 3200MHz - 1TB M.2 SSD- WIFI & Bluetooth 5.0 -240 liquid Cooler - Windows 11 Pro Computer,"$1,239.99 –",https://c1.neweggimages.com/ProductImageCompressAll300/B11ND2310080J8ZKF1E.jpg
"HP Victus by HP Desktop 12th gen Intel Core i7, 16 GB; 1 TB HDD ; 512 GB SSD",$899.99 (3 Offers)–,https://c1.neweggimages.com/ProductImageCompressAll300/AR0TD2210271BMZYN98.jpg
Adamant Custom 8-Core Liquid Cooled Gaming Desktop Computer PC AMD Ryzen 7 5800X 3.8Ghz X570 TUF 32Gb DDR4 RAM 512Gb NVMe SSD 4TB HDD 850W PSU Geforce RTX 4070 Ti 12GB,"$2,699.99 –",https://c1.neweggimages.com/ProductImageCompressAll300/AK3PS220112LOueK.jpg
"STGAubron Gaming PC Diamond Black,Intel Core i7 up to 3.8G,16G,1TB SSD,WiFi,BT 5.0,Radeon RX580 8G,RGB Fan x 6,RGB Keybaord&Mouse&Mouse Pad,RGB Bluetooth Sound Bar,RGB Bluetooth Gaming Mic,W10H64",$514.99 –,https://c1.neweggimages.com/ProductImageCompressAll300/AJP0S2305240HNYWMEE.jpg
"Lenovo ThinkCentre M80q Mini Business Desktop (Intel i5-10500T 6-Core, Intel UHD 630, 8GB RAM, 256GB SSD, WiFi 6, Bluetooth 5.2, RJ-45, 6 USB 3.1, HDMI, Win 10 Pro)",$699.99 (110 Offers)–,https://c1.neweggimages.com/ProductImageCompressAll300/A7ABD2306240GVLE3E6.jpg
"Alienware Aurora R10 Gaming Desktop - AMD Ryzen 9 5900, 32GB DDR4 XMP HyperX Fury RAM, 2TB SDD + 2TB HDD, AMD Radeon RX 6800 XT 16GB GDDR6, Windows 11 Home - Black (Latest Model)
 AWAUR10-9740BLK-PUS","$1,479.99 (3 Offers)–",https://c1.neweggimages.com/ProductImageCompressAll300/A8X5S2112040XTUBXFF.jpg
ADAMANT CUSTOM 24-Core Liquid Cooled Modelling Editing Rendering Workstation Desktop Computer PC Intel Core i9-13900K 3.0GHz Z690 TUF 128GB DDR5 2TB NVMe PCIe 4.0 SSD 8TB HDD 1000W Geforce RTX 4090,"$5,999.99 (3 Offers)–",https://c1.neweggimages.com/ProductImageCompressAll300/AK3PS230520b8Kl1.jpg
"Velztorm Mini Pilum CTO Gaming Desktop PC (AMD Ryzen 7 - 5700X 8-Core, GeForce RTX 3060, 32GB DDR4, 4TB PCIe SSD, 120mm AIO, RGB Fans, 750W PSU, WiFi 5, BT, Win10P) VELZ0058","$2,908.00 –",https://c1.neweggimages.com/ProductImageCompressAll300/A7ABD220717141YSJ8E.jpg
Adamant Custom 16-Core Liquid Cooled Workstation Desktop Computer PC AMD Ryzen 9 7950X 4.5GHz X670 PRIME 128Gb DDR5 1TB NVMe PCIe 4.0 SSD 6TB HDD 750W WiFi Bluetooth HDMI DisplayPort,"$2,349.99 (3 Offers)–",https://c1.neweggimages.com/ProductImageCompressAll300/AK3PS2210317syWq.jpg
Periphio Terra Prebuilt Gaming PC |AMD Ryzen 5 5600G (4.4GHz Turbo) | Radeon Vega 7 Graphics | 1TB M.2 NVMe SSD | 16GB DDR4 RAM | Windows 10 Gaming Desktop Computer | WiFi + BT,$644.97 (27 Offers)–,https://c1.neweggimages.com/ProductImageCompressAll300/BPGTD2310120Y4XL95A.jpg
"Lenovo ThinkCentre M75s Gen 2 SFF Desktop, AMD Radeon, 16GB, 512GB",$734.00 –,https://c1.neweggimages.com/ProductImageCompressAll300/AHRCD23051703YJN81B.jpg
"CLX SET Gaming Desktop - AMD Ryzen 9 7900X 4.7GHz 12-Core Processor, 32GB DDR5 Memory, GeForce RTX 4070 Ti 12GB GDDR6X Graphics 1TB NVMe M.2 SSD, 4TB HDD, WiFi, Win 11 Home 64-bit","$2,699.99 (6 Offers)–",https://c1.neweggimages.com/ProductImageCompressAll300/ABFSD230106136VAX4D.jpg
"Hoengager Desktop-AMD Ryzen 7 5700X 3.4 GHz 8-Core, 32GB DDR4 RAM,1TB M.2 +1TB SATA SSD, Radeon RX 7600 8G, 240 Liquid-Cooled,RGB FansWIFI &Bluetooth ,Win 11 Pro 64bit -Black GALAXY Gaming PC","$1,139.99 (6 Offers)–",https://c1.neweggimages.com/ProductImageCompressAll300/B11ND2311080EM6H5C8.jpg
"Mini PC, Desktop Computer, I7 5500U 5600U, HUNSN BH24, HTPC, NUC, Windows 11 Pro or Linux Ubuntu, PXE, WOL Supported, 2 x LAN, VGA, 2 x HDMI, Lock Slot, Type-C, Vesa Mount, 16G RAM, 256G SSD, 1TB HDD",$531.00 (8 Offers)–,https://c1.neweggimages.com/ProductImageCompressAll300/AK3UD2304100721OEFA.jpg
Adamant Custom 10-Core Liquid Cooled Gaming Desktop Computer  Intel Core i9-10900K 3.7Ghz TUF Z590 64Gb DDR4 1TB NVMe SSD 4TB HDD 850W PSU WiFi Bluetooth Geforce RTX 4070 12Gb,"$2,699.99 –",https://c1.neweggimages.com/ProductImageCompressAll300/AK3PS2204042GIQM.jpg
MSI Desktop Computer PRO DP21 12M-458US Intel Core i7 12th Gen 12700 (2.10GHz) 8GB DDR4 500 GB PCIe SSD Intel UHD Graphics 770 Windows 11 Home 64-bit,$559.00 (4 Offers)–,https://c1.neweggimages.com/ProductImageCompressAll300/A24GD2301300E9RLGED.jpg
"Dell Inspiron 3020 Desktop,13th Gen Intel Core i7-13700 16-Core Processor,16GB DDR4,512GB SSD,Intel UHD Graphics,Wifi-AX, Bluetooth 5,HDMI,DisplayPort, Dual Monitor Capable,Windows 11 Pro",$729.99 –,https://c1.neweggimages.com/ProductImageCompressAll300/AE4ND23070516R2EK0B.jpg
"Velztorm Pilum Gaming Desktop PC (AMD Ryzen 7 - 3700X 8-Core, GeForce RTX 4070 Ti 12GB, 16GB RAM, 1TB PCIe SSD, HDMI, Display Port, Win 11 Pro)","$2,168.00 (138 Offers)–",https://c1.neweggimages.com/ProductImageCompressAll300/V0F3D2212180BT2CF2C.jpg
Adamant Custom 16-Core Liquid Cooled Workstation Desktop PC AMD Ryzen 9 5950X 3.4Ghz X570 64Gb DDR4 5TB HDD 1TB 3500Mb/s NVMe SSD 750W WiFi Bluetooth 4x Mini DisplayPorts,"$2,399.99 (2 Offers)–",https://c1.neweggimages.com/ProductImageCompressAll300/AK3PS210823C3oFi.jpg
"Velztorm LCD Black Praetix Gaming Desktop PC (Intel i9-13900K 2.20GHz, GeForce RTX 3060 Ti 8GB, 16GB DDR5, 1TB PCIe SSD, 360mm AIO, 1000W PSU, RGB Fans, WiFi 6E, Win 11 Home) VELZ0092","$2,678.00 (134 Offers)–",https://c1.neweggimages.com/ProductImageCompressAll300/A7ABD23071913JYYED1.jpg
"Dell Inspiron 3020 Desktop,13th Gen Intel Core i5-13400 10-Core Processor,16GB DDR4,256GB SSD Plus 1TB HDD,Intel Graphics,DVD-RW,Wifi-AX, Bluetooth,HDMI,DisplayPort,Dual Monitor Capable,Windows 11 Pro",$649.99 (2 Offers)–,https://c1.neweggimages.com/ProductImageCompressAll300/V139D2307051BOBB0E3.jpg
ASUS TUF GT301 LIQUID COOLED Intel 24 core - Core i9-13900KF 3.00GHz - NVIDIA GeForce RTX 4070Ti 12GB - Z690 Chipset - 2TB HDD + 4TB NVMe - 128GB DDR5(4X32GB) - 850W - Windows 11 Gaming Desktop PC,"$3,545.00 (358 Offers)–",https://c1.neweggimages.com/ProductImageCompressAll300/AC3JD23042416GWID24.jpg
"4K Mini PC, Intel 8 Cores I7 10870H, HUNSN BM21, Desktop Computer, Server, Windows 11 Pro or Linux Ubuntu, AC WiFi, BT, DP, HDMI, 6 x USB3.0, Type-C, LAN, Smart Fan, 16G RAM, 256G SSD",$479.99 (13 Offers)–,https://c1.neweggimages.com/ProductImageCompressAll300/AK3VD2203110LFLES0D.jpg
"Velztorm Ossix Custom Built Gaming Desktop PC (AMD Ryzen 7 - 5800X 8-Core, 16GB RAM, 1TB PCIe SSD + 2TB HDD (3.5), NVIDIA GeForce RTX 3080, Wifi, 1xUSB 3.2, 4xUSB 3.1, 1xHDMI, Win 10 Home)","$4,238.00 (54 Offers)–",https://c1.neweggimages.com/ProductImageCompressAll300/A7ABD230506174EVL1B.jpg
VRLA Tech Gaming PC Desktop GeForce RTX 4070 Ryzen 5 7600 16GB 5200 DDR5 1TB NVMe 650W PSU Windows 11 Home Bluetooth,"$1,860.07 –",https://c1.neweggimages.com/ProductImageCompressAll300/BM00S231031104AO16D.jpg
"HP ProDesk Z230 SFF Computer Desktop PC, Intel Core i5 3.2GHz Processor, 8GB Ram, 128GB M.2 SSD, 500GB HDD, BTO Wireless Keyboard & Mouse, Wifi | Bluetooth, Windows 10 Pro (Renewed)",$119.00 (3 Offers)–,https://c1.neweggimages.com/ProductImageCompressAll300/AHZND210311EQKAE.jpg
"Velztorm White Pilum CTO Gaming Desktop PC Liquid-Cooled (AMD Ryzen 7 5700X 8-Core, GeForce RTX 3070 8GB, 64GB DDR4, 512GB PCIe SSD + 1TB HDD (3.5), RGB Fans, 750W PSU, AC WiFi, BT 5.0, Win10Pro)","$1,907.90 –",https://c1.neweggimages.com/ProductImageCompressAll300/V0F3D2302020FPPS9A6.jpg
Adamant Custom 10-Core Rendering Modelling Media Workstation Desktop Computer PC Intel Core i9 10850K 3.6Ghz Z590 TUF 128Gb DDR4 2TB NVMe 1800MB/s SSD 8TB HDD 850W PSU Geforce RTX 4070 12GB,"$3,099.99 (2 Offers)–",https://c1.neweggimages.com/ProductImageCompressAll300/AK3PS230701u6TyN.jpg
"Lenovo ThinkCentre M710s SFF Desktop: Core i7-6500 3.4GHz, 16GB RAM, 256GB SSD, DVD-RW Optical, Windows 10 Pro - Refurbsihsed",$159.99 (2 Offers)–,https://c1.neweggimages.com/ProductImageCompressAll300/ABX7D22061616IQNG10.jpg
New Acer Aspire TC Desktop|12th Gen Intel Core i5-12400 6-Core Processor|12GB DDR4|512GB SSD|DVD-RW| Wi-Fi 6 AX201| Bluetooth 5.2|Intel UHD Graphics|2 x HDMI|Dual Monitor Capable| Windows 11 Pro,$618.64 (15 Offers)–,https://c1.neweggimages.com/ProductImageCompressAll300/AE4ND22072110L9C102.jpg
Lenovo ThinkCentre M75s Gen 2 11R8001XUS Desktop Computer - AMD Ryzen 5 PRO 5650G 6 Core) 3.90 GHz - 8 GB RAM DDR4 SDRAM - 256 GB NVMe M.2 NVMe SSD - Small Form Factor - Black,$690.50 (13 Offers)–,https://c1.neweggimages.com/ProductImageCompressAll300/B11ND2306280LTG77F4.jpg
IPASON - Gaming Desktop - intel 12th i5 12600KF(beat 12400F) 10 Core up to 4.9GHz -  GeForce RTX 3060  - 1TB SSD NVMe - 16GB(8GB*2) 3200MHz - WIFI6 - Windows 11 home - Gaming PC,Price not available,https://c1.neweggimages.com/ProductImageCompressAll300/AZEBS23110905K4LN00.jpg
"VTG Gaming PC Desktop Ryzen5 7500F (6 Core up to 5GHz 5nm),Radeon RX6650XT 8G, 1TB NVME SSD, 32GB DDR5 RAM , 650 PSU 11AC Wi-Fi, Windows 11 Home 64-bit",Price not available,https://c1.neweggimages.com/ProductImageCompressAll300/BMARS2311080D5M3Q8B.jpg
NEOSMAY Fanless Mini PC 16GB DDR4-3200 512GB SSD Intel Pentium N6005(Reliable Quality) Upto 3.3GHz/Intel UHD Graphics/Desktop Computer/Triple Screen/Gigabit Ethernet/WiFi 6/BT 5.2/Wake On LAN/6xUSB,Price not available,https://c1.neweggimages.com/ProductImageCompressAll300/BDYFS2309190UYN1IF6.jpg
"MXZ Gaming PC Desktop Computer, AMD Ryzen 5 4500 3.6GHz, RX 6600,16GB(8G*2) DDR4, NVME 500GB SSD, 6RGB Fans, Win 11 Pro Ready, Gamer Desktop Computer(R5 4500|RX 6600)",$739.00 –,https://c1.neweggimages.com/ProductImageCompressAll300/AZBDS2210120GG4ZDFB.jpg
"NEOSMAY Fanless pc Industrial desktop,Intel 12th Gen Core i5-1240P,16GB RAM 512GB NVME SSD,WiFi 6,BT 5.2,Thunderbolt 4,Dual 2.5Gbe LAN,4K (Type-C+DP+HDMIx2+COMx2),USBx8(USB3.2x4),VESA mount,Firewall",$669.00 –,https://c1.neweggimages.com/ProductImageCompressAll300/BDYFS2310200J6NRY97.jpg
"NEOSMAY Fanless desktop Mini Computers Intel 12th Gen Pentium N200(Upto3.7GHz),16GB DDR4 RAM 512GB NVME SSD,Dual Ethernet,Home/Office/Business,4K Triple Display,WiFi ax,BT5.2,USB3.2,VESA mounts",$389.00 –,https://c1.neweggimages.com/ProductImageCompressAll300/BDYFS2308180YVNPQ33.jpg
"NEOSMAY Desktop Computer Intel Core i5-11400T (upto 3.7GHz) 32GB RAM 1TB NVME SSD , UHD 730 Graphics, WiFi 6, BT 5.2, TPM, 4 x USB 3.2 Gen2 USB Type-A Game/Home/Business/Office",$679.00 –,https://c1.neweggimages.com/ProductImageCompressAll300/BDYFS2309200LBRZB9C.jpg
"Dell Optiplex 5040 Small Form Desktop, Intel Quad Core i5 6500 3.2Ghz, 16GB DDR3, 1TB Hard Drive, HDMI, Windows 10 (Renewed)",$149.99 (2 Offers)–,https://c1.neweggimages.com/ProductImageCompressAll300/AU2ED22020115IIJNE7.jpg
"ViprTech.com Gaming PC Computer Desktop - Intel Core i7 (8-Core), Radeon R7 250 2GB, 8GB RAM, 500GB HDD, RGB, WiFi, Windows 10 Pro, 1 Year Warranty",$379.99 –,https://c1.neweggimages.com/ProductImageCompressAll300/AKF7S230224133C6X3B.jpg
Adamant Custom 8-Core Liquid Cooled Workstation Desktop Computer PC AMD Ryzen 7 7700X 4.7GHz B650M PRIME 64Gb DDR5 2TB NVMe PCIe 4.0 SSD 6TB HDD 750W WiFi Bluetooth HDMI DisplayPort,"$1,999.99 (3 Offers)–",https://c1.neweggimages.com/ProductImageCompressAll300/AK3PS221027AjLPn.jpg
HP Pro 400 G9 Mini Desktop - 83Q60UT#ABA - Intel Core i5-12500T (2.00GHz) - 16GB DDR4 - 256 GB PCIe SSD - Windows 11 Pro,$754.95 (11 Offers)–,https://c1.neweggimages.com/ProductImageCompressAll300/83-451-565-04.jpg
Yeyian Gaming Desktop Yari X24 Intel Core i7 12th Gen 12700KF (3.60GHz) 32GB DDR5 2TB HDD 1 TB NVMe SSD NVIDIA GeForce RTX 3070 Ti Windows 11 Home 64-bit,"$1,549.99 –",https://c1.neweggimages.com/ProductImageCompressAll300/83-630-015-12.jpg
"ALLEGIANCE Intel 18-Core i9/Xeon, RTX 3060 TI, 128GB RAM, 2TB NVMe SSD, Windows 10 Professional Workstation Desktop Gaming PC","$1,129.99 –",https://c1.neweggimages.com/ProductImageCompressAll300/AGSCS230831F1E39.jpg
Adamant Custom 12-Core Liquid Cooled Modelling SolidWorks CAD Workstation Desktop Computer PC AMD Ryzen 9 7900X 4.7GHz X670 PRIME 32Gb DDR5 2TB (2x1) NVMe SSD 6TB HDD 850W Nvidia RTX A4500 20Gb,"$4,149.99 (3 Offers)–",https://c1.neweggimages.com/ProductImageCompressAll300/AK3PS221117W41zh.jpg
"Lenovo V50t G2 Desktop, Intel Core i3-10100 Upto 4.3GHz, 16GB RAM, 256GB NVMe SSD, DVDRW, VGA, HDMI, DisplayPort, Windows 10 Pro",$529.99 –,https://c1.neweggimages.com/ProductImageCompressAll300/AA0SS2211150WI7IBD4.jpg
"Lenovo ThinkCentre M75q Gen 2 Business Mini Desktop (AMD Ryzen 5 PRO 5650GE 6-Core, 32GB RAM, 1TB PCIe SSD, AMD Radeon, Wifi, Bluetooth, HDMI, USB 3.2, Display Port, Black, Win 10 Pro)","$1,079.99 (85 Offers)–",https://c1.neweggimages.com/ProductImageCompressAll300/V0F3D2308290Z8O69DB.jpg
"CLX SET Gaming Desktop - Intel Core i7 13700KF 3.4GHz 16-Core Processor, 64GB DDR5 Memory, GeForce RTX 4080 16GB GDDR6X Graphics 1TB NVMe M.2 SSD, 6TB HDD, WiFi, Win 11 Home 64-bit","$3,169.99 (6 Offers)–",https://c1.neweggimages.com/ProductImageCompressAll300/ABFSD2211141ABELHD4.jpg
"Velztorm Aciex 13th Gen  Gaming Custom Desktop (Intel i9-13900K (Raptor Lake) 24-Core, Radeon RX 6900 XT, 64GB DDR5 4800MHz RAM, 4TB PCIe SSD + 6TB  HDD, Wifi, USB 3.2, Bluetooth, Win 11 Pro)","$8,148.00 (124 Offers)–",https://c1.neweggimages.com/ProductImageCompressAll300/V0F3D2206231BTL661D.jpg
"H.E. Ocean Park Desktop-AMD Ryzen 7 5700X 3.4 GHz 8-Core, 32GB DDR4 RAM,1TB PCI-E  SSD, RTX 4060 TI 8G, 360 Liquid-Cooled,RGB Fans, WIFI &Bluetooth ,Win 11 Pro 64bit -Black Gaming PC","$1,299.99 –",https://c1.neweggimages.com/ProductImageCompressAll300/B11ND2309220KSQVA4B.jpg
"Dell OptiPlex 5090 Desktop Computer, i9-11900K  - 64GB RAM, 2TB NVMe SSD, AC Wi-Fi, Bluetooth, USB Type-C, DisplayPort, HDMI, VGA - Windows 11 Pro","$1,169.99 –",https://c1.neweggimages.com/ProductImageCompressAll300/A65ED23020712VROAB6.jpg
"Velztorm Mini Pilum CTO Gaming Desktop PC (AMD Ryzen 7 - 5700X 8-Core, GeForce RTX 3060 Ti, 32GB DDR4, 1TB PCIe SSD+2TB HDD (3.5) , 120mm AIO, RGB Fans, 750W PSU, WiFi 5, BT, Win11H) VELZ0058","$1,429.00 –",https://c1.neweggimages.com/ProductImageCompressAll300/A7ABD220717141YSJ8E.jpg
"Velztorm Lux Lyte Custom Built Gaming Desktop PC (AMD Ryzen 9 - 5900X 12-Core, GeForce RTX 4080 16GB, 128GB RAM, 4TB PCIe SSD + 6TB HDD (3.5), Wifi, USB 3.2, HDMI, Bluetooth, Display Port, Win 11 Pro)","$5,058.00 (126 Offers)–",https://c1.neweggimages.com/ProductImageCompressAll300/V0F3D22101201NM3F43.jpg
Mini Gaming PC Intel Core i9 9900T RTX2060 6G Windows 10 Pro M.2 NVMe SSD Desktop Computer 4K Multi-Display AC WiFi 64GB Ram 1TB SSD,"$1,248.00 (12 Offers)–",https://c1.neweggimages.com/ProductImageCompressAll300/ACP1D210510TMA9X.jpg
"HP EliteDesk 800 G2 Desktop Mini Business PC Computer, Intel Quad Core i5-6500T, 16GB RAM, 1TB SSD, Windows 10 Pro, 23.6"" FHD LED Monitor, 16GB Flash Drive, Wireless Keyboard & Mouse, WiFi",$336.95 (2 Offers)–,https://c1.neweggimages.com/ProductImageCompressAll300/ACAGD210628082OZ.jpg
HAJAAN Gaming PC Desktop Tower - Intel Quad Core i7 upto 4.0GHz - 16GB DDR4 RAM 512GB SSD - GeForce GTX 1630 4GB GDDR6 - RGB Keyboard Mouse Headset - WiFi Ready - Windows 10 Pro,$599.99 –,https://c1.neweggimages.com/ProductImageCompressAll300/AZ8YD2201110TKD5D12.jpg
Asus ExpertCenter PN52-SYS585PX1TD Desktop Computer - AMD Ryzen 5 5600H Hexa-core (6 Core) DDR4 SDRAM - 512 GB M.2 PCI Express NVMe 3.0 SSD - Mini PC - Eco Black - AMD Chip - Windows 11 Pro - AMD Rade,$539.99 (4 Offers)–,https://c1.neweggimages.com/ProductImageCompressAll300/V1DSD23111813VFEFD9.jpg
Adamant Custom 8-Core Home Workstaion Desktop Computer AMD Ryzen 7 5700G 3.8Ghz X570 TUF 32Gb DDR4 RAM 512Gb NVMe SSD 2TB HDD 700W PSU WIN10 PRO WiFi Bluetooth,"$1,449.99 (3 Offers)–",https://c1.neweggimages.com/ProductImageCompressAll300/AK3PS2108079mhKG.jpg
"Velztorm CTO SFF Gaming Desktop PC Liquid-Cooled (AMD Ryzen 7 - 5800X 8-Core, GeForce RTX 3060 12GB, 32GB DDR4, 512GB PCIe SSD + 2TB HDD (3.5), WiFi-N, RGB Fans, 750W PSU, Win 10 Home)","$1,599.99 (30 Offers)–",https://c1.neweggimages.com/ProductImageCompressAll300/A7ABD230505122QJH97.jpg
"Lenovo V50t G2 Desktop, Intel Core i3-10100 Upto 4.3GHz, 16GB RAM, 512GB NVMe SSD, DVDRW, VGA, HDMI, DisplayPort, Windows 11 Pro",$449.99 –,https://c1.neweggimages.com/ProductImageCompressAll300/AA0SS2211150WNDRAD4.jpg
"Dell OptiPlex 5090 Tower Desktop Computer  Intel i9-11900K, 64GB RAM, 2TB NVMe SSD, DVD, DisplayPort, HDMI, AC Wi-Fi, Bluetooth, USB C, Windows 10 Pro","$1,209.99 –",https://c1.neweggimages.com/ProductImageCompressAll300/A65ED2310241A46VC65.jpg
"Velztorm White Pilum CTO Gaming Desktop PC Liquid-Cooled (AMD Ryzen 7 5700X 8-Core, GeForce RTX 3060 12GB, 16GB DDR4, 512GB PCIe SSD + 2TB HDD (3.5), RGB Fans, 750W PSU, AC WiFi, BT 5.0, Win11Pro)","$1,417.90 –",https://c1.neweggimages.com/ProductImageCompressAll300/V0F3D2302020FPPS9A6.jpg
"HP Pavilion Desktop, 10th Gen Intel Core i3-10100 Quad Core Processor,8GB DDR4 RAM,256GB SSD,Intel UHD Graphics,Wifi-AC,BlueTooth, Dual Monitor Capable, Windows 11 Pro",$435.00 –,https://c1.neweggimages.com/ProductImageCompressAll300/AE4ND2202021F29ECE0.jpg
"NEW HP ENVY Desktop, 12th Gen Intel Core i7-12700 8-Core Processor,32GB DDR4,1TB SSD, Intel UHD Graphics,Wifi-AC,BlueTooth, Dual Monitor Capable, Windows 11 Pro","$1,069.99 –",https://c1.neweggimages.com/ProductImageCompressAll300/AE4ND22052310ZL3050.jpg
Dell OptiPlex 7010 Desktop Computer - Intel Core i5 13th Gen i5-13500 Hexa-core (6 Core) 2.50 GHz - 8 GB DDR4 - 256 GB M.2 SSD - Intel UHD Graphics 770 DDR4 SDRAM - Windows 11 Pro  T1HD3,$768.79 (11 Offers)–,https://c1.neweggimages.com/ProductImageCompressAll300/83-461-780-01.jpg
MSI Gaming Desktop Aegis ZS 5DS-262US Ryzen 9 5000 Series 5900X (3.70GHz) 16GB DDR4 1 TB PCIe SSD AMD Radeon RX 6700 XT Windows 11 Home 64-bit,"$1,692.22 (5 Offers)–",https://c1.neweggimages.com/ProductImageCompressAll300/83-151-015-01.jpg
"HP Victus TG02 Gaming Desktop PC, Intel Core i5-12400 Upto 4.4GHz, 16GB RAM, 1TB SSD, NVIDIA GeForce RTX 3050, Windows 11 Home",$799.99 –,https://c1.neweggimages.com/ProductImageCompressAll300/AA0SD23112913J87E45.jpg
Intel Desktop Computer & US Cord NUC 11 RNUC11PAQI70QA1 Intel Core i7 11th Gen 1165G7 (2.80GHz) 16GB DDR4 512 GB PCIe SSD Intel Iris Xe Graphics Windows 10 Home 64-bit,$589.99 –,https://c1.neweggimages.com/ProductImageCompressAll300/83-800-067-12.jpg
"Velztorm Archux CTO Gaming Desktop PC (Ryzen 7-5700X 8-Core, 16GB DDR4, 6TB HDD (3.5), GeForce RTX 3060 12GB, 120mm AIO, RGB Fans, 750W PSU, Win 10 Pro) VELZ0001","$1,499.00 (30 Offers)–",https://c1.neweggimages.com/ProductImageCompressAll300/A7ABD2105227M6ER.jpg
"Dell OptiPlex 5090 Desktop, Intel Core i7-10700 Upto 4.8GHz, 64GB RAM, 1TB NVMe SSD, DVDRW, DisplayPort, Wi-Fi, Bluetooth, Windows 10 Pro","$1,544.99 –",https://c1.neweggimages.com/ProductImageCompressAll300/AA0SD211011YCXLU.jpg
"Dell Vostro 3910 Desktop, Intel Core i7-12700 Upto 4.9GHz, 16GB RAM, 1TB NVMe SSD + 1TB HDD, HDMI, DisplayPort, Wi-Fi, Bluetooth, Windows 11 Pro",$849.99 –,https://c1.neweggimages.com/ProductImageCompressAll300/AA0SD2303021C26X663.jpg
HP Z2 G9 Workstation - 1 x Intel Core i5 Tetradeca-core (14 Core) i5-13500 13th Gen 2.50 GHz - 16 GB DDR5 SDRAM RAM - 512 GB SSD - Small Form Factor - Black Desktop PC,"$1,149.00 –",https://c1.neweggimages.com/ProductImageCompressAll300/83-451-709-03.jpg
ADAMANT CUSTOM 24-Core Liquid Cooled Modelling Editing Rendering Workstation Desktop Computer PC Intel Core i9-13900K 3.0GHz Z690 PRIME 128GB DDR5 1TB NVMe SSD 4TB HDD 850W Geforce RTX 4080,"$3,899.99 (3 Offers)–",https://c1.neweggimages.com/ProductImageCompressAll300/AK3PS221219007Tg.jpg
"CLX SET Gaming Desktop - AMD Ryzen 7 5700X 3.4GHz 8-Core Processor, 16GB DDR4 Memory, GeForce RTX 4060 8GB GDDR6 Graphics 1TB NVMe M.2 SSD, 2TB HDD, WiFi, Win 11 Home 64-bit","$1,249.99 (2 Offers)–",https://c1.neweggimages.com/ProductImageCompressAll300/ABFSD23083116QBUD0B.jpg
IPASON - Gaming Desktop - intel 12th i5 12600KF(beat 12400F) 10 Core up to 4.9GHz -  GeForce RTX 3060  - 1TB SSD NVMe - 16GB(8GB*2) 3200MHz - WIFI6 - Windows 11 home - Gaming PC,Price not available,https://c1.neweggimages.com/ProductImageCompressAll300/AZEBS23110905K4LN00.jpg
"VTG Gaming PC Desktop Ryzen5 7500F (6 Core up to 5GHz 5nm),Radeon RX6650XT 8G, 1TB NVME SSD, 32GB DDR5 RAM , 650 PSU 11AC Wi-Fi, Windows 11 Home 64-bit",Price not available,https://c1.neweggimages.com/ProductImageCompressAll300/BMARS2311080D5M3Q8B.jpg
NEOSMAY Fanless Mini PC 16GB DDR4-3200 512GB SSD Intel Pentium N6005(Reliable Quality) Upto 3.3GHz/Intel UHD Graphics/Desktop Computer/Triple Screen/Gigabit Ethernet/WiFi 6/BT 5.2/Wake On LAN/6xUSB,Price not available,https://c1.neweggimages.com/ProductImageCompressAll300/BDYFS2309190UYN1IF6.jpg
"MXZ Gaming PC Desktop Computer, AMD Ryzen 5 4500 3.6GHz, RX 6600,16GB(8G*2) DDR4, NVME 500GB SSD, 6RGB Fans, Win 11 Pro Ready, Gamer Desktop Computer(R5 4500|RX 6600)",$739.00 –,https://c1.neweggimages.com/ProductImageCompressAll300/AZBDS2210120GG4ZDFB.jpg
"NEOSMAY Fanless pc Industrial desktop,Intel 12th Gen Core i5-1240P,16GB RAM 512GB NVME SSD,WiFi 6,BT 5.2,Thunderbolt 4,Dual 2.5Gbe LAN,4K (Type-C+DP+HDMIx2+COMx2),USBx8(USB3.2x4),VESA mount,Firewall",$669.00 –,https://c1.neweggimages.com/ProductImageCompressAll300/BDYFS2310200J6NRY97.jpg
"NEOSMAY Fanless desktop Mini Computers Intel 12th Gen Pentium N200(Upto3.7GHz),16GB DDR4 RAM 512GB NVME SSD,Dual Ethernet,Home/Office/Business,4K Triple Display,WiFi ax,BT5.2,USB3.2,VESA mounts",$389.00 –,https://c1.neweggimages.com/ProductImageCompressAll300/BDYFS2308180YVNPQ33.jpg
"NEOSMAY Desktop Computer Intel Core i5-11400T (upto 3.7GHz) 32GB RAM 1TB NVME SSD , UHD 730 Graphics, WiFi 6, BT 5.2, TPM, 4 x USB 3.2 Gen2 USB Type-A Game/Home/Business/Office",$679.00 –,https://c1.neweggimages.com/ProductImageCompressAll300/BDYFS2309200LBRZB9C.jpg
"Fanless Mini PC Stick Windows 11 Pro Celeron J4125 8G LPDDR4 128G eMMC Small Desktop Computer Support 4K HDMI,2.4G/5.0G Dual Band WiFi,BT 4.2,Gigabit Ethernet and USB 3.0 for Iot Office",$329.99 –,https://c1.neweggimages.com/ProductImageCompressAll300/B7VES2209050YVU79E7.jpg
"HP Desktop, AMD Ryzen 5 4600G 6-Core Processor,32GB DDR4 RAM,512GB SSD, AMD Radeon Graphics,Wifi-AC,BlueTooth, Dual Monitor Capable, Windows 11 Pro",$775.00 –,https://c1.neweggimages.com/ProductImageCompressAll300/AE4ND21111011J6SIA3.jpg
DELL Desktop PC Precision 3660 Tower Intel Core i7 13700 16-Core 5.2GHz 2.1 GHz 16GB DDR5 512 GB SSD AMD Radeon Pro W6400 4GB Windows 11 Pro,"$1,621.81 (8 Offers)–",https://c1.neweggimages.com/ProductImageCompressAll300/83-461-826-01.jpg
"HP OMEN 40L Gaming Desktop PC (AMD Ryzen 7 7700 8-Core, 16GB DDR5 4800MHz RAM, 2x1TB PCIe SSD (2TB), GeForce RTX 4060 Ti, Wifi, Bluetooth, HDMI, USB 3.2, Display Port, Black, Win 11 Home)","$1,649.99 (39 Offers)–",https://c1.neweggimages.com/ProductImageCompressAll300/V0F3D231113188TYY9B.jpg
"Velztorm Mini Pilum CTO Gaming Desktop PC (AMD Ryzen 7 - 5700X 8-Core, GeForce RTX 3060 Ti, 16GB DDR4, 1TB PCIe SSD+2TB HDD (3.5) , 120mm AIO, RGB Fans, 750W PSU, WiFi 5, BT, Win11H) VELZ0058","$1,729.99 –",https://c1.neweggimages.com/ProductImageCompressAll300/A7ABD220717141YSJ8E.jpg
"Velztorm Mini Pilum CTO Gaming Desktop PC (AMD Ryzen 7 - 5700X 8-Core, GeForce RTX 3070, 32GB DDR4, 1TB PCIe SSD + 1TB HDD (3.5), 120mm AIO, RGB Fans, 750W PSU, WiFi 5, BT, Win10P) VELZ0058","$1,479.00 –",https://c1.neweggimages.com/ProductImageCompressAll300/A7ABD220717141YSJ8E.jpg
MSI Desktop Computer Creator P50 13TH-244US Intel Core i5 13th Gen 13400F (2.50GHz) 16GB DDR5 1TB HDD 512 GB PCIe SSD NVIDIA GeForce RTX 3050 Windows 11 Home 64-bit,"$1,449.00 (3 Offers)–",https://c1.neweggimages.com/ProductImageCompressAll300/V1DSD23020812F5JO26.jpg
"Lenovo IdeaCentre 5i High-performance Desktop,intel core i5-13400 Processor(up to 4.6GHz),Wi-Fi6 and Bluetooth5.1,long batery life, Windows11 Pro(32GB RAM|2TB PCIe SSD+2T HDD)",$979.00 (9 Offers)–,https://c1.neweggimages.com/ProductImageCompressAll300/B295D23073108JCLOAA.jpg
"AVGPC Quiet Series Gaming PC -Intel i9 11900KF Max Boost 5.3GHz, RTX 4070 12GB, 32GB 3200MHz DDR4, 1TB NVME M.2 SSD, 360MM AIO Liquid Cooling, ARGB Fans, Wifi/AC, MB520 style Case, Windows 11 Black","$1,599.00 (2 Offers)–",https://c1.neweggimages.com/ProductImageCompressAll300/B5FPS230927185WELE7.jpg
"Dell OptiPlex 3000 Desktop, Intel Core i7-12700K Upto 5.0GHz, 32GB RAM, 1TB NVMe SSD + 1TB HDD, DVDRW, HDMI, DisplayPort, Wi-Fi, Bluetooth, Windows 11 Pro","$1,029.99 –",https://c1.neweggimages.com/ProductImageCompressAll300/AA0SD23022317Q1MD86.jpg
"MSI PRO DP21 12M-407US Mini PC Business Desktop, Intel Core i3-12100, Intel UHD 730 Graphics, 8GB Memory, 250GB M.2 SSD, WiFi 6, Windows 11 Home, 4K Dual Display Support, HTPC",$399.99 (8 Offers)–,https://c1.neweggimages.com/ProductImageCompressAll300/A8X5S2209080XNAUU35.jpg
"Dell Inspiron Desktop, 12th Gen Intel Core i5-12400 (6-Core, 18M Cache, 2.5GHz to 4.4GHz) Processor, 16GB RAM, 512GB SSD, 1TB HDD, Wi-Fi 6, Windows 11 Home, Cefesfy",$699.99 (4 Offers)–,https://c1.neweggimages.com/ProductImageCompressAll300/AWVGS2303060D93S1E9.jpg
"HP 290 G4 Microtower Desktop Computer, Intel i7-10700 Upto 4.8 GHz, 64GB RAM 2TB NVMe SSD, DVD-RW, HDMI, VGA, AC Wi-Fi, Bluetooth  Windows 11 Pro",$869.99 –,https://c1.neweggimages.com/ProductImageCompressAll300/A65ED230425160AQ405.jpg
"Dell Optiplex 9020 USFF Desktop Computer with Intel i5-4570S Upto 3.6GHz, HD Graphics 4600 4K Support, 8GB RAM, 256GB SSD, DisplayPort, HDMI, DVD, Wi-Fi, Bluetooth - Windows 10 Pro (RENEWED)",$137.97 (3 Offers)–,https://c1.neweggimages.com/ProductImageCompressAll300/AU2ED22020116327C71.jpg
PRC Pro Gaming Desktop PC 9th Gen. Intel i9-9900K 8-Core 3.6GHz 16GB DDR4-3000 RGB RAM NVIDIA GeForce RTX 2080 Super 8GB GDDR6 1200Mbps WiFi 2TB NVMe SSD + 1TB SATA HD W10P,"$2,029.99 (6 Offers)–",https://c1.neweggimages.com/ProductImageCompressAll300/A6ABS191126v8JDQ.jpg
Periphio Leviathan Prebuilt VR Gaming Desktop Computer | Intel i5-10400 4.3GHz | Overclocked GeForce RTX 3070 8GB | 16GB DDR4 RAM | 500GB NVMe M.2 SSD + 1TB HDD | Windows 10 RGB Gaming PC | WIFI + BT,"$1,499.97 (5 Offers)–",https://c1.neweggimages.com/ProductImageCompressAll300/ADGYS220307jSILC.jpg
"Dell Inspiron 3910 Desktop,12th Gen Intel Core i5-12400 6-Core Processor,16GB DDR4, 256GB SSD,Intel UHD Graphics,Wifi-AX, Bluetooth 5, HDMI, DisplayPort,Dual Monitor Capable, Windows 11 Pro",$649.00 (2 Offers)–,https://c1.neweggimages.com/ProductImageCompressAll300/AE4ND22072505GH2Z74.jpg
"Dell Inspiron 3020 Small Form Desktop,13th Gen Intel Core i3-13100 Quad-Core Processor,8GB DDR4,256GB SSD, Intel UHD Graphics,Wifi-AC, Bluetooth,Dual Monitor Capable, Windows 11 Pro",$449.99 –,https://c1.neweggimages.com/ProductImageCompressAll300/AE4ND2308110YNLIT9E.jpg
"Newest Lenovo Legion Tower 5 Gaming Desktop PC, AMD Ryzen 7 5800 8-Core, NVIDIA GeForce RTX 3060, 32GB RAM, 2TB SSD, 2TB HDD, Wi-Fi 6, Bluetooth 5.1, Windows 11 Home, Wired Mouse and Keyboard, Cefesfy","$1,499.99 (5 Offers)–",https://c1.neweggimages.com/ProductImageCompressAll300/AWVGS2303170DE25W7A.jpg
"Velztorm Aciex 3D Gaming Desktop PC (AMD Ryzen 9 7950X3D 16-Core 4.20GHz, Radeon RX 7900 XTX 24GB, 64GB DDR5, 1TB PCIe SSD, 360mm AIO, RGB Fans, 1000W PSU, WiFi 6, Win10H) VELZ0077","$3,919.00 (110 Offers)–",https://c1.neweggimages.com/ProductImageCompressAll300/V0F3D23050215EZ8105.jpg
Dell OptiPlex 3000 3060 Desktop Computer - Intel Core i5 (8th Gen) i5-8500 3 GHz - 8 GB DDR4 SDRAM - 128 GB SSD - Windows 10 Pro 64-bit (English/French/Spanish) - Small Form Factor,$349.99 –,https://c1.neweggimages.com/ProductImageCompressAll300/83-165-461-S05.jpg
New Lenovo Legion Tower T5 Gaming Desktop | Intel Core i7-12700 Processor | 32GB DDR5 RAM  | 1TBSSD+3TBHDD  | NVIDIA GeForce RTX 3060 LHR 12GB GDDR6 Graphics  | Windows 11 Pro | Bundled with Mouse Pad,"$1,449.99 (2 Offers)–",https://c1.neweggimages.com/ProductImageCompressAll300/AEYJS230418Y8RSb.jpg
"CLX SET Gaming Desktop - Intel Core i5 10400F 2.9GHz 6-Core Processor, 16GB DDR4 Memory, GeForce RTX 3060 Ti 8GB GDDR6 Graphics, 240GB SSD, 2TB HDD, WiFi, Windows 11 Home 64-bit","$1,179.99 (2 Offers)–",https://c1.neweggimages.com/ProductImageCompressAll300/ABFSD2012213O79G.jpg
"NEW HP ENVY Desktop, 12th Gen Intel Core i7-12700 8-Core Processor,16GB DDR4,1TB SSD, Intel UHD Graphics,Wifi-AC,BlueTooth, Dual Monitor Capable, Windows 11 Pro",$999.99 –,https://c1.neweggimages.com/ProductImageCompressAll300/AE4ND22052310ZL3050.jpg
"H.E. TP Desktop PC -AMD Ryzen 7 5700G 3.8GHz, 16GB DDR4 2666 RAM, 500GB SSD,WIFI, Windows 10 Pro,Computer, Black",$579.99 (3 Offers)–,https://c1.neweggimages.com/ProductImageCompressAll300/B11NS23090607S0P016.jpg
"Intel NUC11TNKi70Z Home & Business Mini Desktop (Intel i7-1165G7 4-Core, Intel Iris Xe, 16GB RAM, 512GB PCIe SSD, Wifi, USB 3.2, HDMI, Bluetooth, Win 11 Pro)",$539.99 (79 Offers)–,https://c1.neweggimages.com/ProductImageCompressAll300/V0F3D22071419DYCC36.jpg
"Dell Optiplex 3010 Desktop Computer Intel Core i5 3470 4GB RAM 250GB DVD Windows 10 Home PC, New Free keyboard and Mouse, WiFi Adapter, Black - OEM",$96.99 (2 Offers)–,https://c1.neweggimages.com/ProductImageCompressAll300/A596D220105140G5Q34.jpg
Gaming PC - i9-13900K 5.8GHz - AMD Rx 7900 XTX 24GB - 64GB DDR4 RAM - 4 TB NVME M.2 SSD (Solid State Drive) - 1000W 80+ Gold PSU - Wi-Fi - Desktop Computer,"$2,999.99 –",https://c1.neweggimages.com/ProductImageCompressAll300/ADFRD2311101E6FI898.jpg
"HP Pavilion Desktop Computer PC, AMD Ryzen 5 5600G 6-Core(up to 4.2 GHz), 16 GB RAM 1 TB SSD + 2 TB HDD, WiFi 5 and Bluetooth 4.2, Win 11 Pro",$709.00 (14 Offers)–,https://c1.neweggimages.com/ProductImageCompressAll300/B295D2309120C0H987B.jpg
"HP ProDesk 400G4 - Windows 11 Desktop Computer | Intel i5-8600 Six Core (4.3GHz Turbo) | 16GB DDR4 RAM | 500GB SSD + 1TB HDD | WiFi + Bluetooth | RGB Mouse + Keyboard | 24"" 1080p Monitor (Renewed)",$549.97 –,https://c1.neweggimages.com/ProductImageCompressAll300/ADGYS220422xpasG.jpg
ASUS TUF GT501 LIQUID COOLED Intel 24 core i9-13900KF 3.00GHz - NVIDIA GeForce RTX 4090 24GB - Z690 Chipset - 2TB 7200rpm + 4TB SSD NVMe - 128GB DDR5 (4X32GB) - 1000W - Windows 11 Gaming Desktop PC,"$5,605.00 (634 Offers)–",https://c1.neweggimages.com/ProductImageCompressAll300/AC3JD23100919VUMH4C.jpg
"Lenovo ThinkCentre Neo 50t G3 Desktop PC, Intel Core i3-12100 Upto 4.3GHz, 8GB RAM, 256GB SSD, Windows 11 Pro",$439.99 –,https://c1.neweggimages.com/ProductImageCompressAll300/AA0SD2309060TJQTBA1.jpg
"Pure CAD Desktop | i7-10700 | 32GB DDR4 | 2TB NVMe | AMD RX6500XT 4GB | Wi-Fi | Meets Recommended AutoCad, Inventor, and Civil 3D Requirements","$1,108.99 (8 Offers)–",https://c1.neweggimages.com/ProductImageCompressAll300/AKWUS2302109UmzP.jpg
Periphio Dark Castle Prebuilt Gaming PC - AMD Ryzen 7 5700G CPU (4.6GHz Turbo) | Radeon Vega 8 iGPU (4GB) | 1TB M.2 NVMe SSD Storage | 16GB DDR4 RAM | Windows 10 Gaming Desktop Computer | 5G-WiFi + BT,$819.97 –,https://c1.neweggimages.com/ProductImageCompressAll300/BPGTD23110910L5YVA3.jpg
"Velztorm White Ferrux II CTO Gaming Desktop (Intel i9-11900K 8-Core, GeForce RTX 3080, 32GB DDR4, 1TB PCIe SSD, 240mm AIO, 750W PSU, WiFi 6, BT 5.1, Win 10 Home) VELZ0072","$2,218.00 (126 Offers)–",https://c1.neweggimages.com/ProductImageCompressAll300/V0F3D2210190OXOIJ4E.jpg
Pure Pro Desktop | i7-12700F | 32GB DDR4 | 1TB NVMe | RTX 3060 12GB | WiFi | Designed for Gaming and Video Editing,"$1,234.99 (31 Offers)–",https://c1.neweggimages.com/ProductImageCompressAll300/AKWUS230213m92jg.jpg
IPASON - Gaming Desktop - intel 12th i5 12600KF(beat 12400F) 10 Core up to 4.9GHz -  GeForce RTX 3060  - 1TB SSD NVMe - 16GB(8GB*2) 3200MHz - WIFI6 - Windows 11 home - Gaming PC,Price not available,https://c1.neweggimages.com/ProductImageCompressAll300/AZEBS23110905K4LN00.jpg
"VTG Gaming PC Desktop Ryzen5 7500F (6 Core up to 5GHz 5nm),Radeon RX6650XT 8G, 1TB NVME SSD, 32GB DDR5 RAM , 650 PSU 11AC Wi-Fi, Windows 11 Home 64-bit",Price not available,https://c1.neweggimages.com/ProductImageCompressAll300/BMARS2311080D5M3Q8B.jpg
NEOSMAY Fanless Mini PC 16GB DDR4-3200 512GB SSD Intel Pentium N6005(Reliable Quality) Upto 3.3GHz/Intel UHD Graphics/Desktop Computer/Triple Screen/Gigabit Ethernet/WiFi 6/BT 5.2/Wake On LAN/6xUSB,Price not available,https://c1.neweggimages.com/ProductImageCompressAll300/BDYFS2309190UYN1IF6.jpg
